,file_name,last_access_index,last_modify_index,creation_index,last_access_step,last_modify_step,creation_step
0,/home/runner/work/open-location-code/open-location-code/js/node_modules/lodash/lodash.js,101470,62249,61995,test,test,test
1,/home/runner/work/open-location-code/open-location-code/js/node_modules/regexpp/index.js,102106,34374,30126,test,test,test
2,/home/runner/work/open-location-code/open-location-code/js/node_modules/acorn/dist/acorn.js,101443,33748,29794,test,test,test
3,/home/runner/work/open-location-code/open-location-code/js/node_modules/eslint/lib/rules/indent.js,101962,51718,51565,test,test,test
4,/home/runner/work/open-location-code/open-location-code/js/node_modules/eslint/lib/linter.js,101368,48367,48136,test,test,test
5,/home/runner/work/open-location-code/open-location-code/js/node_modules/uri-js/dist/es5/uri.all.js,101590,35623,34071,test,test,test
6,/home/runner/work/open-location-code/open-location-code/js/node_modules/eslint/lib/code-path-analysis/code-path-state.js,101479,45063,44758,test,test,test
7,/home/runner/work/open-location-code/open-location-code/js/node_modules/eslint-utils/index.js,102241,31634,30684,test,test,test
8,/home/runner/work/open-location-code/open-location-code/js/node_modules/eslint/lib/cli-engine.js,101362,44017,43629,test,test,test
9,/home/runner/work/open-location-code/open-location-code/js/node_modules/eslint/lib/rules/indent-legacy.js,101971,51539,51417,test,test,test
10,/home/runner/work/open-location-code/open-location-code/js/node_modules/esquery/dist/esquery.min.js,101758,41689,40475,test,test,test
11,/home/runner/work/open-location-code/open-location-code/js/node_modules/doctrine/lib/typed.js,102664,35978,34729,test,test,test
12,/home/runner/work/open-location-code/open-location-code/js/node_modules/eslint/lib/util/ast-utils.js,101524,60400,60344,test,test,test
13,/home/runner/work/open-location-code/open-location-code/js/node_modules/functional-red-black-tree/rbtree.js,101968,32225,31405,test,test,test
14,/home/runner/work/open-location-code/open-location-code/js/node_modules/ajv/lib/compile/formats.js,101629,46171,45964,test,test,test
15,/home/runner/work/open-location-code/open-location-code/js/node_modules/eslint/lib/config/config-file.js,102712,46176,45971,test,test,test
16,/home/runner/work/open-location-code/open-location-code/js/node_modules/eslint-scope/lib/referencer.js,101401,34390,33474,test,test,test
17,/home/runner/work/open-location-code/open-location-code/js/node_modules/eslint/lib/rules/no-extra-parens.js,102172,54478,54417,test,test,test
18,/home/runner/work/open-location-code/open-location-code/js/node_modules/doctrine/lib/doctrine.js,102661,34728,33782,test,test,test
19,/home/runner/work/open-location-code/open-location-code/js/node_modules/optionator/lib/index.js,101290,32488,31612,test,test,test
20,/home/runner/work/open-location-code/open-location-code/js/node_modules/eslint/lib/util/source-code.js,101761,60960,60920,test,test,test
21,/home/runner/work/open-location-code/open-location-code/js/node_modules/eslint/lib/token-store/index.js,101764,60203,60162,test,test,test
22,/home/runner/work/open-location-code/open-location-code/js/node_modules/eslint/lib/rules/strict.js,102634,59624,59582,test,test,test
23,/home/runner/work/open-location-code/open-location-code/js/node_modules/eslint/lib/rules/multiline-comment-style.js,102028,52879,52779,test,test,test
24,/home/runner/work/open-location-code/open-location-code/js/node_modules/eslint/lib/rules/keyword-spacing.js,101983,52021,51929,test,test,test
25,/home/runner/work/open-location-code/open-location-code/js/node_modules/globals/globals.json,101743,31157,30423,test,test,test
26,/home/runner/work/open-location-code/open-location-code/js/node_modules/eslint/lib/rules/no-misleading-character-class.js,102235,55184,55139,test,test,test
27,/home/runner/work/open-location-code/open-location-code/js/node_modules/eslint/lib/rules/no-invalid-this.js,102208,54874,54829,test,test,test
28,/home/runner/work/open-location-code/open-location-code/js/node_modules/eslint/lib/rules/curly.js,101896,50304,50238,test,test,test
29,/home/runner/work/open-location-code/open-location-code/js/node_modules/eslint/lib/rules/no-implied-eval.js,102196,54736,54691,test,test,test
30,/home/runner/work/open-location-code/open-location-code/js/node_modules/eslint/lib/rules/no-mixed-operators.js,102259,55251,55208,test,test,test
31,/home/runner/work/open-location-code/open-location-code/js/node_modules/eslint/lib/rules/func-call-spacing.js,101920,50643,50570,test,test,test
32,/home/runner/work/open-location-code/open-location-code/js/node_modules/eslint/lib/rules/max-len.js,102007,52431,52377,test,test,test
33,/home/runner/work/open-location-code/open-location-code/js/node_modules/eslint/lib/code-path-analysis/code-path-segment.js,101482,44693,44538,test,test,test
34,/home/runner/work/open-location-code/open-location-code/js/node_modules/eslint/lib/rules/max-lines.js,102010,52552,52494,test,test,test
35,/home/runner/work/open-location-code/open-location-code/js/node_modules/eslint/lib/rules/no-loop-func.js,102229,55091,55043,test,test,test
36,/home/runner/work/open-location-code/open-location-code/js/node_modules/esrecurse/node_modules/estraverse/estraverse.js,101413,42083,41581,test,test,test
37,/home/runner/work/open-location-code/open-location-code/js/node_modules/levn/lib/parse-string.js,101356,33134,32501,test,test,test
38,/home/runner/work/open-location-code/open-location-code/js/node_modules/eslint/lib/rules/init-declarations.js,101974,51769,51719,test,test,test
39,/home/runner/work/open-location-code/open-location-code/js/node_modules/eslint/lib/rules/key-spacing.js,101980,51895,51831,test,test,test
40,/home/runner/work/open-location-code/open-location-code/js/node_modules/type-check/lib/check.js,101347,41529,40954,test,test,test
41,/home/runner/work/open-location-code/open-location-code/js/node_modules/eslint/lib/config/config-cache.js,102763,45896,45746,test,test,test
42,/home/runner/work/open-location-code/open-location-code/js/node_modules/eslint/lib/code-path-analysis/code-path-analyzer.js,101473,44455,44282,test,test,test
43,/home/runner/work/open-location-code/open-location-code/js/node_modules/eslint/lib/rules/complexity.js,101881,49921,49851,test,test,test
44,/home/runner/work/open-location-code/open-location-code/js/node_modules/eslint/lib/rules/no-param-reassign.js,102319,55911,55864,test,test,test
45,/home/runner/work/open-location-code/open-location-code/js/node_modules/espree/lib/espree.js,101458,34099,33482,test,test,test
46,/home/runner/work/open-location-code/open-location-code/js/node_modules/eslint/lib/rules/lines-around-directive.js,101995,52242,52186,test,test,test
47,/home/runner/work/open-location-code/open-location-code/js/node_modules/terser/bin/uglifyjs,101031,28989,28526,test,test,test
48,/home/runner/work/open-location-code/open-location-code/js/node_modules/minimatch/minimatch.js,101548,30654,30154,test,test,test
49,/home/runner/work/open-location-code/open-location-code/js/node_modules/eslint/lib/rules/lines-around-comment.js,101992,52156,52093,test,test,test
50,/home/runner/work/open-location-code/open-location-code/js/node_modules/eslint/lib/rules/no-mixed-spaces-and-tabs.js,102265,55354,55300,test,test,test
51,/home/runner/work/open-location-code/open-location-code/js/node_modules/esutils/lib/keyword.js,101539,33778,33148,test,test,test
52,/home/runner/work/open-location-code/open-location-code/js/node_modules/eslint/lib/rules/constructor-super.js,101893,50205,50139,test,test,test
53,/home/runner/work/open-location-code/open-location-code/js/node_modules/eslint/lib/rules/no-multiple-empty-lines.js,102277,55511,55464,test,test,test
54,/home/runner/work/open-location-code/open-location-code/js/node_modules/eslint/lib/rules/consistent-return.js,101887,50068,49997,test,test,test
55,/home/runner/work/open-location-code/open-location-code/js/node_modules/eslint/lib/rules/newline-before-return.js,102043,53071,53013,test,test,test
56,/home/runner/work/open-location-code/open-location-code/js/node_modules/eslint/lib/rules/no-constant-condition.js,102094,53705,53661,test,test,test
57,/home/runner/work/open-location-code/open-location-code/js/node_modules/esutils/lib/ast.js,101533,31937,31409,test,test,test
58,/home/runner/work/open-location-code/open-location-code/js/node_modules/color-convert/conversions.js,102930,30082,29602,test,test,test
59,/home/runner/work/open-location-code/open-location-code/js/node_modules/estraverse/estraverse.js,101386,29807,29356,test,test,test
60,/home/runner/work/open-location-code/open-location-code/js/node_modules/eslint/lib/rules/no-dupe-class-members.js,102121,53898,53860,test,test,test
61,/home/runner/work/open-location-code/open-location-code/js/node_modules/glob/sync.js,102823,32226,31645,test,test,test
62,/home/runner/work/open-location-code/open-location-code/js/node_modules/eslint/lib/rules/handle-callback-err.js,101947,51164,51099,test,test,test
63,/home/runner/work/open-location-code/open-location-code/js/node_modules/eslint/lib/rules/no-case-declarations.js,102070,53402,53351,test,test,test
64,/home/runner/work/open-location-code/open-location-code/js/node_modules/ajv/lib/ajv.js,101578,43407,43171,test,test,test
65,/home/runner/work/open-location-code/open-location-code/js/node_modules/eslint-visitor-keys/package.json,101425,31648,31181,test,test,test
66,/home/runner/work/open-location-code/open-location-code/js/node_modules/eslint/lib/rules/id-match.js,101956,51344,51264,test,test,test
67,/home/runner/work/open-location-code/open-location-code/js/node_modules/levn/lib/cast.js,101359,31626,31150,test,test,test
68,/home/runner/work/open-location-code/open-location-code/js/node_modules/eslint/lib/built-in-rules-index.js,101821,43516,43304,test,test,test
69,/home/runner/work/open-location-code/open-location-code/js/node_modules/eslint/lib/rules/no-confusing-arrow.js,102085,53578,53524,test,test,test
70,/home/runner/work/open-location-code/open-location-code/js/node_modules/ignore/index.js,102355,31391,30920,test,test,test
71,/home/runner/work/open-location-code/open-location-code/js/node_modules/glob/glob.js,102799,31407,30938,test,test,test
72,/home/runner/work/open-location-code/open-location-code/js/node_modules/fs.realpath/old.js,102808,30052,29558,test,test,test
73,/home/runner/work/open-location-code/open-location-code/js/node_modules/eslint/lib/rules/no-array-constructor.js,102052,53197,53145,test,test,test
74,/home/runner/work/open-location-code/open-location-code/js/node_modules/eslint/lib/rules/func-names.js,101926,50785,50711,test,test,test
75,/home/runner/work/open-location-code/open-location-code/js/node_modules/acorn-jsx/index.js,101449,29568,29108,test,test,test
76,/home/runner/work/open-location-code/open-location-code/js/node_modules/eslint/lib/rules/no-implicit-coercion.js,102190,54645,54602,test,test,test
77,/home/runner/work/open-location-code/open-location-code/js/node_modules/eslint/lib/rules/max-statements-per-line.js,102025,52711,52648,test,test,test
78,/home/runner/work/open-location-code/open-location-code/js/node_modules/esutils/lib/code.js,101536,32854,32228,test,test,test
79,/home/runner/work/open-location-code/open-location-code/js/node_modules/lodash/package.json,101467,65895,65878,test,test,test
80,/home/runner/work/open-location-code/open-location-code/js/node_modules/eslint/lib/rules/no-else-return.js,102133,54027,53983,test,test,test
81,/home/runner/work/open-location-code/open-location-code/js/node_modules/eslint/lib/rules/no-extra-bind.js,102163,54349,54298,test,test,test
82,/home/runner/work/open-location-code/open-location-code/js/node_modules/eslint/lib/rules/function-paren-newline.js,101932,50923,50857,test,test,test
83,/home/runner/work/open-location-code/open-location-code/js/node_modules/eslint/lib/rules/no-eval.js,102154,54226,54178,test,test,test
84,/home/runner/work/open-location-code/open-location-code/js/node_modules/eslint-scope/lib/index.js,101374,32510,31925,test,test,test
85,/home/runner/work/open-location-code/open-location-code/js/node_modules/ajv/lib/dotjs/custom.js,101716,45312,45134,test,test,test
86,/home/runner/work/open-location-code/open-location-code/js/node_modules/eslint/lib/rules/one-var.js,102514,58340,58297,test,test,test
87,/home/runner/work/open-location-code/open-location-code/js/node_modules/eslint/lib/rules/operator-assignment.js,102520,58409,58366,test,test,test
88,/home/runner/work/open-location-code/open-location-code/js/node_modules/ajv/lib/keyword.js,101713,46757,46613,test,test,test
89,/home/runner/work/open-location-code/open-location-code/js/node_modules/eslint/lib/rules/object-shorthand.js,102511,58209,58167,test,test,test
90,/home/runner/work/open-location-code/open-location-code/js/node_modules/eslint/lib/rules/one-var-declaration-per-line.js,102517,58276,58233,test,test,test
91,/home/runner/work/open-location-code/open-location-code/js/node_modules/eslint/lib/rules/prefer-const.js,102535,58604,58563,test,test,test
92,/home/runner/work/open-location-code/open-location-code/js/node_modules/prelude-ls/lib/Obj.js,101305,26199,25684,test,test,test
93,/home/runner/work/open-location-code/open-location-code/js/node_modules/eslint/lib/rules/prefer-destructuring.js,102538,58666,58623,test,test,test
94,/home/runner/work/open-location-code/open-location-code/js/node_modules/eslint/lib/rules/padding-line-between-statements.js,102529,58518,58474,test,test,test
95,/home/runner/work/open-location-code/open-location-code/js/node_modules/eslint/lib/rules/no-useless-return.js,102481,57741,57698,test,test,test
96,/home/runner/work/open-location-code/open-location-code/js/node_modules/eslint/lib/rules/no-var.js,102484,57809,57762,test,test,test
97,/home/runner/work/open-location-code/open-location-code/js/node_modules/eslint-scope/lib/variable.js,101395,36270,35644,test,test,test
98,/home/runner/work/open-location-code/open-location-code/js/node_modules/eslint/lib/rules/no-useless-concat.js,102469,57556,57513,test,test,test
99,/home/runner/work/open-location-code/open-location-code/js/node_modules/eslint/lib/config/config-ops.js,101542,46554,46406,test,test,test
100,/home/runner/work/open-location-code/open-location-code/js/node_modules/eslint/lib/rules/no-useless-escape.js,102475,57651,57605,test,test,test
101,/home/runner/work/open-location-code/open-location-code/js/node_modules/eslint/lib/rules/array-bracket-newline.js,101827,48791,48699,test,test,test
102,/home/runner/work/open-location-code/open-location-code/js/node_modules/eslint/lib/rules/object-curly-newline.js,102502,58050,58002,test,test,test
103,/home/runner/work/open-location-code/open-location-code/js/node_modules/eslint/lib/rules/object-curly-spacing.js,102505,58118,58072,test,test,test
104,/home/runner/work/open-location-code/open-location-code/js/node_modules/eslint/lib/rules.js,101815,48562,48473,test,test,test
105,/home/runner/work/open-location-code/open-location-code/js/node_modules/eslint/lib/rules/no-warning-comments.js,102490,57901,57853,test,test,test
106,/home/runner/work/open-location-code/open-location-code/js/node_modules/eslint/lib/rules/sort-keys.js,102604,59425,59394,test,test,test
107,/home/runner/work/open-location-code/open-location-code/js/node_modules/eslint/lib/rules/space-before-function-paren.js,102619,59486,59464,test,test,test
108,/home/runner/work/open-location-code/open-location-code/js/node_modules/eslint/lib/rules/space-infix-ops.js,102625,59538,59516,test,test,test
109,/home/runner/work/open-location-code/open-location-code/js/node_modules/eslint/lib/rules/semi-spacing.js,102595,59306,59281,test,test,test
110,/home/runner/work/open-location-code/open-location-code/js/node_modules/ajv/lib/dotjs/properties.js,101695,47244,47147,test,test,test
111,/home/runner/work/open-location-code/open-location-code/js/node_modules/eslint/lib/util/ignored-paths.js,102703,60549,60518,test,test,test
112,/home/runner/work/open-location-code/open-location-code/js/node_modules/esprima/bin/esvalidate.js,101013,27273,26763,test,test,test
113,/home/runner/work/open-location-code/open-location-code/js/node_modules/eslint/lib/rules/semi.js,102592,59361,59333,test,test,test
114,/home/runner/work/open-location-code/open-location-code/js/node_modules/ajv/lib/dotjs/required.js,101701,47508,47405,test,test,test
115,/home/runner/work/open-location-code/open-location-code/js/node_modules/eslint/lib/rules/yoda.js,102688,59911,59886,test,test,test
116,/home/runner/work/open-location-code/open-location-code/js/node_modules/eslint/lib/token-store/cursors.js,101767,60083,60057,test,test,test
117,/home/runner/work/open-location-code/open-location-code/js/node_modules/eslint/lib/rules/valid-jsdoc.js,102655,59780,59751,test,test,test
118,/home/runner/work/open-location-code/open-location-code/js/node_modules/eslint/lib/util/ajv.js,101572,60319,60287,test,test,test
119,/home/runner/work/open-location-code/open-location-code/js/node_modules/eslint/lib/rules/template-curly-spacing.js,102643,59685,59659,test,test,test
120,/home/runner/work/open-location-code/open-location-code/js/node_modules/eslint/lib/rules/prefer-spread.js,102559,58924,58880,test,test,test
121,/home/runner/work/open-location-code/open-location-code/js/node_modules/ajv/lib/dotjs/validate.js,101623,48034,47947,test,test,test
122,/home/runner/work/open-location-code/open-location-code/js/node_modules/ajv/lib/dotjs/pattern.js,101692,47099,47001,test,test,test
123,/home/runner/work/open-location-code/open-location-code/js/node_modules/eslint/lib/config/environments.js,101731,47003,46887,test,test,test
124,/home/runner/work/open-location-code/open-location-code/js/node_modules/eslint/lib/rules/prefer-promise-reject-errors.js,102550,58808,58762,test,test,test
125,/home/runner/work/open-location-code/open-location-code/js/node_modules/eslint/lib/formatters/stylish.js,102903,47906,47815,test,test,test
126,/home/runner/work/open-location-code/open-location-code/js/node_modules/ajv/lib/compile/util.js,101599,47902,47810,test,test,test
127,/home/runner/work/open-location-code/open-location-code/js/node_modules/eslint/lib/rules/require-atomic-updates.js,102574,59148,59108,test,test,test
128,/home/runner/work/open-location-code/open-location-code/js/closure/openlocationcode.js,102862,2387,2384,test,uses-checkout,uses-checkout
129,/home/runner/work/open-location-code/open-location-code/js/node_modules/eslint/lib/util/node-event-generator.js,101752,60696,60663,test,test,test
130,/home/runner/work/open-location-code/open-location-code/js/node_modules/eslint/lib/rules/require-unicode-regexp.js,102583,59230,59192,test,test,test
131,/home/runner/work/open-location-code/open-location-code/js/node_modules/eslint/lib/rules/quote-props.js,102565,59008,58966,test,test,test
132,/home/runner/work/open-location-code/open-location-code/js/node_modules/eslint/lib/util/report-translator.js,101806,60831,60801,test,test,test
133,/home/runner/work/open-location-code/open-location-code/js/node_modules/eslint/lib/config/plugins.js,102766,47149,47058,test,test,test
134,/home/runner/work/open-location-code/open-location-code/js/node_modules/eslint/lib/util/patterns/letters.js,101866,60788,60760,test,test,test
135,/home/runner/work/open-location-code/open-location-code/js/node_modules/eslint/lib/rules/quotes.js,102568,59069,59028,test,test,test
136,/home/runner/work/open-location-code/open-location-code/js/node_modules/eslint/lib/rules/no-return-await.js,102370,56409,56364,test,test,test
137,/home/runner/work/open-location-code/open-location-code/js/node_modules/handlebars/bin/handlebars,101015,49592,49518,test,test,test
138,/home/runner/work/open-location-code/open-location-code/js/node_modules/eslint/lib/rules/no-unexpected-multiline.js,102430,57069,57028,test,test,test
139,/home/runner/work/open-location-code/open-location-code/js/node_modules/eslint/lib/rules/capitalized-comments.js,101863,49584,49505,test,test,test
140,/home/runner/work/open-location-code/open-location-code/js/node_modules/prelude-ls/lib/List.js,101302,25195,24720,test,test,test
141,/home/runner/work/open-location-code/open-location-code/js/node_modules/eslint/lib/rules/no-unreachable.js,102439,57187,57141,test,test,test
142,/home/runner/work/open-location-code/open-location-code/js/node_modules/eslint/lib/rules/arrow-body-style.js,101839,49107,49031,test,test,test
143,/home/runner/work/open-location-code/open-location-code/js/node_modules/ajv/lib/compile/index.js,101581,46401,46259,test,test,test
144,/home/runner/work/open-location-code/open-location-code/js/node_modules/npmconf/node_modules/semver/bin/semver,101046,41116,40494,test,test,test
145,/home/runner/work/open-location-code/open-location-code/js/node_modules/eslint/lib/rules/callback-return.js,101857,49424,49346,test,test,test
146,/home/runner/work/open-location-code/open-location-code/js/node_modules/uglify-js/bin/uglifyjs,101032,16010,15494,test,test,test
147,/home/runner/work/open-location-code/open-location-code/js/node_modules/eslint/lib/rules/no-undef-init.js,102421,56933,56890,test,test,test
148,/home/runner/work/open-location-code/open-location-code/js/node_modules/espree/lib/token-translator.js,101461,35330,34726,test,test,test
149,/home/runner/work/open-location-code/open-location-code/js/node_modules/eslint/lib/rules/no-this-before-super.js,102409,56812,56770,test,test,test
150,/home/runner/work/open-location-code/open-location-code/js/node_modules/eslint/lib/rules/no-sequences.js,102382,56552,56508,test,test,test
151,/home/runner/work/open-location-code/open-location-code/js/node_modules/eslint-scope/lib/scope.js,101380,35328,34721,test,test,test
152,/home/runner/work/open-location-code/open-location-code/js/node_modules/eslint/lib/rules/no-restricted-properties.js,102361,56290,56248,test,test,test
153,/home/runner/work/open-location-code/open-location-code/js/node_modules/eslint/lib/rules/no-restricted-imports.js,102349,56198,56151,test,test,test
154,/home/runner/work/open-location-code/open-location-code/js/node_modules/ajv/lib/dotjs/_limit.js,101671,35979,35332,test,test,test
155,/home/runner/work/open-location-code/open-location-code/js/node_modules/eslint/lib/rules/no-unused-vars.js,102454,57351,57304,test,test,test
156,/home/runner/work/open-location-code/open-location-code/js/node_modules/eslint/lib/rules/comma-dangle.js,101872,49741,49671,test,test,test
157,/home/runner/work/open-location-code/open-location-code/js/node_modules/eslint/lib/rules/no-use-before-define.js,102457,57421,57374,test,test,test
158,/home/runner/work/open-location-code/open-location-code/js/node_modules/eslint/lib/rules/array-callback-return.js,101833,48957,48877,test,test,test
159,/home/runner/work/open-location-code/open-location-code/js/node_modules/eslint/lib/util/timing.js,102691,60975,60961,test,test,test
160,/home/runner/work/open-location-code/open-location-code/js/node_modules/eslint/lib/util/unicode/is-emoji-modifier.js,102250,61053,61040,test,test,test
161,/home/runner/work/open-location-code/open-location-code/js/node_modules/eslint/lib/util/unicode/is-combining-character.js,102247,61039,61024,test,test,test
162,/home/runner/work/open-location-code/open-location-code/js/node_modules/eslint/lib/util/traverser.js,101803,60995,60976,test,test,test
163,/home/runner/work/open-location-code/open-location-code/js/node_modules/eslint/lib/util/unicode/index.js,102244,61023,61007,test,test,test
164,/home/runner/work/open-location-code/open-location-code/js/node_modules/eslint/lib/util/source-code-fixer.js,102700,60902,60885,test,test,test
165,/home/runner/work/open-location-code/open-location-code/js/node_modules/eslint/lib/util/unicode/is-regional-indicator-symbol.js,102253,61068,61054,test,test,test
166,/home/runner/work/open-location-code/open-location-code/js/node_modules/eslint/lib/util/path-utils.js,102706,60747,60727,test,test,test
167,/home/runner/work/open-location-code/open-location-code/js/node_modules/eslint/lib/util/safe-emitter.js,101749,60884,60869,test,test,test
168,/home/runner/work/open-location-code/open-location-code/js/node_modules/eslint/lib/util/rule-fixer.js,101809,60868,60850,test,test,test
169,/home/runner/work/open-location-code/open-location-code/js/node_modules/eslint/lib/util/unicode/is-surrogate-pair.js,102256,61088,61069,test,test,test
170,/home/runner/work/open-location-code/open-location-code/js/node_modules/eslint/lib/token-store/padded-token-cursor.js,101800,60232,60218,test,test,test
171,/home/runner/work/open-location-code/open-location-code/js/node_modules/eslint/lib/token-store/skip-cursor.js,101797,60250,60233,test,test,test
172,/home/runner/work/open-location-code/open-location-code/js/node_modules/eslint/lib/token-store/limit-cursor.js,101794,60217,60204,test,test,test
173,/home/runner/work/open-location-code/open-location-code/js/node_modules/eslint/lib/token-store/utils.js,101776,60271,60251,test,test,test
174,/home/runner/work/open-location-code/open-location-code/js/node_modules/eslint/lib/util/apply-disable-directives.js,101746,60343,60329,test,test,test
175,/home/runner/work/open-location-code/open-location-code/js/node_modules/eslint/lib/token-store/cursor.js,101773,60056,60041,test,test,test
176,/home/runner/work/open-location-code/open-location-code/js/node_modules/eslint/lib/token-store/backward-token-cursor.js,101779,60040,60024,test,test,test
177,/home/runner/work/open-location-code/open-location-code/js/node_modules/eslint/lib/token-store/backward-token-comment-cursor.js,101770,60023,60008,test,test,test
178,/home/runner/work/open-location-code/open-location-code/js/node_modules/eslint/lib/token-store/forward-token-comment-cursor.js,101788,60143,60128,test,test,test
179,/home/runner/work/open-location-code/open-location-code/js/node_modules/eslint/lib/token-store/forward-token-cursor.js,101791,60161,60144,test,test,test
180,/home/runner/work/open-location-code/open-location-code/js/node_modules/eslint/lib/token-store/filter-cursor.js,101782,60127,60109,test,test,test
181,/home/runner/work/open-location-code/open-location-code/js/node_modules/eslint/lib/token-store/decorative-cursor.js,101785,60108,60096,test,test,test
182,/home/runner/work/open-location-code/open-location-code/js/node_modules/eslint/lib/util/keywords.js,101908,60599,60581,test,test,test
183,/home/runner/work/open-location-code/open-location-code/js/node_modules/eslint/lib/util/interpolate.js,101812,60580,60565,test,test,test
184,/home/runner/work/open-location-code/open-location-code/js/node_modules/eslint/lib/util/lint-result-cache.js,102772,60616,60600,test,test,test
185,/home/runner/work/open-location-code/open-location-code/js/node_modules/eslint/lib/util/logging.js,102856,60633,60617,test,test,test
186,/home/runner/work/open-location-code/open-location-code/js/node_modules/eslint/lib/util/naming.js,102718,60662,60646,test,test,test
187,/home/runner/work/open-location-code/open-location-code/js/node_modules/eslint/lib/util/module-resolver.js,102715,60645,60634,test,test,test
188,/home/runner/work/open-location-code/open-location-code/js/node_modules/eslint/lib/util/config-comment-parser.js,102694,60432,60415,test,test,test
189,/home/runner/work/open-location-code/open-location-code/js/node_modules/eslint/lib/util/file-finder.js,102769,60450,60433,test,test,test
190,/home/runner/work/open-location-code/open-location-code/js/node_modules/eslint/lib/util/hash.js,102781,60517,60504,test,test,test
191,/home/runner/work/open-location-code/open-location-code/js/node_modules/eslint/lib/util/glob.js,102793,60503,60488,test,test,test
192,/home/runner/work/open-location-code/open-location-code/js/node_modules/eslint/lib/util/glob-utils.js,102790,60487,60472,test,test,test
193,/home/runner/work/open-location-code/open-location-code/js/node_modules/eslint/lib/util/fix-tracker.js,102136,60471,60451,test,test,test
194,/home/runner/work/open-location-code/open-location-code/js/node_modules/prelude-ls/lib/index.js,101296,26979,26718,test,test,test
195,/home/runner/work/open-location-code/open-location-code/js/node_modules/prelude-ls/lib/Str.js,101308,26717,26470,test,test,test
196,/home/runner/work/open-location-code/open-location-code/js/node_modules/es5-ext/_postinstall.js,101101,26694,26444,test,test,test
197,/home/runner/work/open-location-code/open-location-code/js/node_modules/esprima/bin/esparse.js,101012,26762,26531,test,test,test
198,/home/runner/work/open-location-code/open-location-code/js/node_modules/wrappy/wrappy.js,102838,26825,26600,test,test,test
199,/home/runner/work/open-location-code/open-location-code/js/node_modules/wrappy/package.json,102835,26117,25869,test,test,test
200,/home/runner/work/open-location-code/open-location-code/js/node_modules/resolve-from/package.json,102745,26092,25855,test,test,test
201,/home/runner/work/open-location-code/open-location-code/js/node_modules/parent-module/index.js,102754,26611,26378,test,test,test
202,/home/runner/work/open-location-code/open-location-code/js/node_modules/resolve-from/index.js,102748,26341,26093,test,test,test
203,/home/runner/work/open-location-code/open-location-code/js/node_modules/parent-module/package.json,102751,26377,26125,test,test,test
204,/home/runner/work/open-location-code/open-location-code/js/node_modules/fs.realpath/package.json,102802,28878,28662,test,test,test
205,/home/runner/work/open-location-code/open-location-code/js/node_modules/inflight/package.json,102829,28881,28664,test,test,test
206,/home/runner/work/open-location-code/open-location-code/js/node_modules/once/package.json,102841,28875,28660,test,test,test
207,/home/runner/work/open-location-code/open-location-code/js/node_modules/path-is-absolute/package.json,102817,28872,28658,test,test,test
208,/home/runner/work/open-location-code/open-location-code/js/node_modules/inherits/package.json,102811,28869,28656,test,test,test
209,/home/runner/work/open-location-code/open-location-code/js/node_modules/color-support/bin.js,101009,28078,27846,test,test,test
210,/home/runner/work/open-location-code/open-location-code/js/node_modules/resolve/bin/resolve,101028,25873,25619,test,test,test
211,/home/runner/work/open-location-code/open-location-code/js/node_modules/deep-is/package.json,101314,24223,23983,test,test,test
212,/home/runner/work/open-location-code/open-location-code/js/node_modules/concat-map/index.js,101560,23046,22835,test,test,test
213,/home/runner/work/open-location-code/open-location-code/js/node_modules/deep-is/index.js,101317,23486,23248,test,test,test
214,/home/runner/work/open-location-code/open-location-code/js/node_modules/prelude-ls/package.json,101293,23588,23371,test,test,test
215,/home/runner/work/open-location-code/open-location-code/js/node_modules/mime/cli.js,101021,25297,25074,test,test,test
216,/home/runner/work/open-location-code/open-location-code/js/node_modules/prelude-ls/lib/Num.js,101311,25683,25439,test,test,test
217,/home/runner/work/open-location-code/open-location-code/js/node_modules/prelude-ls/lib/Func.js,101299,24719,24492,test,test,test
218,/home/runner/work/open-location-code/open-location-code/js/node_modules/nopt/bin/nopt.js,101024,24718,24484,test,test,test
219,/home/runner/work/open-location-code/open-location-code/js/node_modules/eslint-scope/lib/pattern-visitor.js,101419,33138,32847,test,test,test
220,/home/runner/work/open-location-code/open-location-code/js/node_modules/update-notifier/node_modules/strip-ansi/cli.js,101000,33284,33005,test,test,test
221,/home/runner/work/open-location-code/open-location-code/js/node_modules/update-notifier/node_modules/supports-color/cli.js,101054,32998,32695,test,test,test
222,/home/runner/work/open-location-code/open-location-code/js/node_modules/insight/node_modules/supports-color/cli.js,101044,33614,33319,test,test,test
223,/home/runner/work/open-location-code/open-location-code/js/node_modules/fast-json-stable-stringify/package.json,101617,33432,33108,test,test,test
224,/home/runner/work/open-location-code/open-location-code/js/node_modules/eslint-scope/lib/reference.js,101392,33473,33139,test,test,test
225,/home/runner/work/open-location-code/open-location-code/js/node_modules/espree/lib/ast-node-types.js,101455,33481,33154,test,test,test
226,/home/runner/work/open-location-code/open-location-code/js/node_modules/levn/lib/index.js,101353,32500,32208,test,test,test
227,/home/runner/work/open-location-code/open-location-code/js/node_modules/eslint-visitor-keys/lib/visitor-keys.json,101431,32230,31939,test,test,test
228,/home/runner/work/open-location-code/open-location-code/js/node_modules/debug/package.json,101488,32222,31929,test,test,test
229,/home/runner/work/open-location-code/open-location-code/js/node_modules/eslint-utils/package.json,102238,32216,31922,test,test,test
230,/home/runner/work/open-location-code/open-location-code/js/node_modules/readline2/node_modules/strip-ansi/cli.js,100994,32303,32028,test,test,test
231,/home/runner/work/open-location-code/open-location-code/js/node_modules/string-length/node_modules/strip-ansi/cli.js,100998,32333,32053,test,test,test
232,/home/runner/work/open-location-code/open-location-code/js/node_modules/optionator/lib/util.js,101320,32825,32489,test,test,test
233,/home/runner/work/open-location-code/open-location-code/js/node_modules/glob/package.json,102796,32851,32521,test,test,test
234,/home/runner/work/open-location-code/open-location-code/js/node_modules/chalk/templates.js,102942,32865,32543,test,test,test
235,/home/runner/work/open-location-code/open-location-code/js/node_modules/acorn/package.json,101440,34680,34359,test,test,test
236,/home/runner/work/open-location-code/open-location-code/js/node_modules/eslint-scope/lib/scope-manager.js,101377,34720,34391,test,test,test
237,/home/runner/work/open-location-code/open-location-code/js/node_modules/bower-registry-client/node_modules/rimraf/bin.js,100988,35151,34870,test,test,test
238,/home/runner/work/open-location-code/open-location-code/js/node_modules/insight/node_modules/strip-ansi/cli.js,100990,33959,33656,test,test,test
239,/home/runner/work/open-location-code/open-location-code/js/node_modules/jasmine/bin/jasmine.js,101017,34119,33802,test,test,test
240,/home/runner/work/open-location-code/open-location-code/js/node_modules/gulp/bin/gulp.js,101014,33806,33502,test,test,test
241,/home/runner/work/open-location-code/open-location-code/js/node_modules/npmconf/node_modules/nopt/bin/nopt.js,100992,33836,33532,test,test,test
242,/home/runner/work/open-location-code/open-location-code/js/node_modules/esutils/lib/utils.js,101530,34393,34094,test,test,test
243,/home/runner/work/open-location-code/open-location-code/js/node_modules/touch/node_modules/nopt/bin/nopt.js,100999,34184,33871,test,test,test
244,/home/runner/work/open-location-code/open-location-code/js/node_modules/acorn-jsx/xhtml.js,101452,30058,29797,test,test,test
245,/home/runner/work/open-location-code/open-location-code/js/node_modules/esrecurse/package.json,101416,29804,29575,test,test,test
246,/home/runner/work/open-location-code/open-location-code/js/node_modules/supports-color/index.js,101500,29826,29594,test,test,test
247,/home/runner/work/open-location-code/open-location-code/js/node_modules/escape-string-regexp/index.js,102915,29848,29613,test,test,test
248,/home/runner/work/open-location-code/open-location-code/js/node_modules/ansi-styles/index.js,102921,29852,29616,test,test,test
249,/home/runner/work/open-location-code/open-location-code/js/node_modules/text-table/package.json,102957,29887,29641,test,test,test
250,/home/runner/work/open-location-code/open-location-code/js/node_modules/strip-ansi/package.json,102945,29890,29643,test,test,test
251,/home/runner/work/open-location-code/open-location-code/js/node_modules/regexpp/package.json,102103,29893,29645,test,test,test
252,/home/runner/work/open-location-code/open-location-code/js/node_modules/strip-json-comments/package.json,102727,29903,29650,test,test,test
253,/home/runner/work/open-location-code/open-location-code/js/node_modules/strip-ansi/index.js,102948,30121,29891,test,test,test
254,/home/runner/work/open-location-code/open-location-code/js/node_modules/json-stable-stringify-without-jsonify/package.json,102733,30400,30156,test,test,test
255,/home/runner/work/open-location-code/open-location-code/js/node_modules/globals/package.json,101737,30422,30176,test,test,test
256,/home/runner/work/open-location-code/open-location-code/js/node_modules/ignore/package.json,102352,30416,30174,test,test,test
257,/home/runner/work/open-location-code/open-location-code/js/node_modules/imurmurhash/package.json,102784,30411,30166,test,test,test
258,/home/runner/work/open-location-code/open-location-code/js/node_modules/levn/package.json,101350,30408,30164,test,test,test
259,/home/runner/work/open-location-code/open-location-code/js/node_modules/semver/bin/semver,101030,30373,30129,test,test,test
260,/home/runner/work/open-location-code/open-location-code/js/node_modules/text-table/index.js,102960,30360,30118,test,test,test
261,/home/runner/work/open-location-code/open-location-code/js/node_modules/fast-deep-equal/index.js,101596,30347,30107,test,test,test
262,/home/runner/work/open-location-code/open-location-code/js/node_modules/json-schema-traverse/index.js,101611,30337,30100,test,test,test
263,/home/runner/work/open-location-code/open-location-code/js/node_modules/path-is-inside/package.json,102721,30144,29912,test,test,test
264,/home/runner/work/open-location-code/open-location-code/js/node_modules/natural-compare/package.json,102607,30141,29910,test,test,test
265,/home/runner/work/open-location-code/open-location-code/js/node_modules/optionator/package.json,101287,30138,29908,test,test,test
266,/home/runner/work/open-location-code/open-location-code/js/node_modules/strip-json-comments/index.js,102730,30132,29904,test,test,test
267,/home/runner/work/open-location-code/open-location-code/js/node_modules/acorn-jsx/package.json,101446,30302,30059,test,test,test
268,/home/runner/work/open-location-code/open-location-code/js/node_modules/color-name/index.js,102936,30323,30085,test,test,test
269,/home/runner/work/open-location-code/open-location-code/js/node_modules/ms/package.json,101512,29119,28897,test,test,test
270,/home/runner/work/open-location-code/open-location-code/js/node_modules/inherits/inherits.js,102814,29310,29080,test,test,test
271,/home/runner/work/open-location-code/open-location-code/js/node_modules/estraverse/package.json,101389,29116,28895,test,test,test
272,/home/runner/work/open-location-code/open-location-code/js/node_modules/path-is-absolute/index.js,102820,29083,28873,test,test,test
273,/home/runner/work/open-location-code/open-location-code/js/node_modules/acorn/bin/acorn,100951,29337,29105,test,test,test
274,/home/runner/work/open-location-code/open-location-code/js/node_modules/rimraf/bin.js,101029,29347,29111,test,test,test
275,/home/runner/work/open-location-code/open-location-code/js/node_modules/esrecurse/esrecurse.js,101407,29351,29114,test,test,test
276,/home/runner/work/open-location-code/open-location-code/js/node_modules/inflight/inflight.js,102832,29561,29327,test,test,test
277,/home/runner/work/open-location-code/open-location-code/js/node_modules/fs.realpath/index.js,102805,29557,29323,test,test,test
278,/home/runner/work/open-location-code/open-location-code/js/node_modules/once/once.js,102844,29555,29319,test,test,test
279,/home/runner/work/open-location-code/open-location-code/js/node_modules/escape-string-regexp/package.json,102912,29612,29391,test,test,test
280,/home/runner/work/open-location-code/open-location-code/js/node_modules/ansi-styles/package.json,102918,29615,29393,test,test,test
281,/home/runner/work/open-location-code/open-location-code/js/node_modules/json-schema-traverse/package.json,101608,29619,29401,test,test,test
282,/home/runner/work/open-location-code/open-location-code/js/node_modules/color-name/package.json,102933,29385,29134,test,test,test
283,/home/runner/work/open-location-code/open-location-code/js/node_modules/color-convert/package.json,102924,29382,29132,test,test,test
284,/home/runner/work/open-location-code/open-location-code/js/node_modules/supports-color/package.json,101497,29376,29128,test,test,test
285,/home/runner/work/open-location-code/open-location-code/js/node_modules/ms/index.js,101515,29359,29120,test,test,test
286,/home/runner/work/open-location-code/open-location-code/js/node_modules/which/bin/which,101034,30577,30309,test,test,test
287,/home/runner/work/open-location-code/open-location-code/js/node_modules/color-convert/index.js,102927,30583,30320,test,test,test
288,/home/runner/work/open-location-code/open-location-code/js/node_modules/espree/espree.js,101437,31653,31416,test,test,test
289,/home/runner/work/open-location-code/open-location-code/js/node_modules/debug/src/index.js,101491,31639,31401,test,test,test
290,/home/runner/work/open-location-code/open-location-code/js/node_modules/optionator/lib/help.js,101329,31611,31369,test,test,test
291,/home/runner/work/open-location-code/open-location-code/js/node_modules/eslint-config-google/index.js,102890,31715,31465,test,test,test
292,/home/runner/work/open-location-code/open-location-code/js/node_modules/import-fresh/package.json,102739,31440,31210,test,test,test
293,/home/runner/work/open-location-code/open-location-code/js/node_modules/debug/src/common.js,101509,31400,31170,test,test,test
294,/home/runner/work/open-location-code/open-location-code/js/node_modules/globals/index.js,101740,31393,31158,test,test,test
295,/home/runner/work/open-location-code/open-location-code/js/node_modules/eslint-config-google/package.json,102887,31464,31230,test,test,test
296,/home/runner/work/open-location-code/open-location-code/js/node_modules/eslint/package.json,102697,31476,31238,test,test,test
297,/home/runner/work/open-location-code/open-location-code/js/node_modules/eslint-scope/lib/definition.js,101398,31924,31636,test,test,test
298,/home/runner/work/open-location-code/open-location-code/js/node_modules/debug/src/node.js,101494,31928,31640,test,test,test
299,/home/runner/work/open-location-code/open-location-code/js/node_modules/karma-jasmine-jquery/install.js,101107,31971,31690,test,test,test
300,/home/runner/work/open-location-code/open-location-code/js/node_modules/fast-json-stable-stringify/index.js,101620,30852,30594,test,test,test
301,/home/runner/work/open-location-code/open-location-code/js/node_modules/glob/common.js,102826,30937,30694,test,test,test
302,/home/runner/work/open-location-code/open-location-code/js/node_modules/imurmurhash/imurmurhash.js,102787,30913,30674,test,test,test
303,/home/runner/work/open-location-code/open-location-code/js/node_modules/mkdirp/index.js,102853,30896,30652,test,test,test
304,/home/runner/work/open-location-code/open-location-code/js/node_modules/path-is-inside/lib/path-is-inside.js,102724,30887,30646,test,test,test
305,/home/runner/work/open-location-code/open-location-code/js/node_modules/natural-compare/index.js,102610,30644,30388,test,test,test
306,/home/runner/work/open-location-code/open-location-code/js/node_modules/mkdirp/bin/cmd.js,101022,30651,30396,test,test,test
307,/home/runner/work/open-location-code/open-location-code/js/node_modules/eslint-scope/package.json,101422,30686,30427,test,test,test
308,/home/runner/work/open-location-code/open-location-code/js/node_modules/functional-red-black-tree/package.json,101965,30690,30435,test,test,test
309,/home/runner/work/open-location-code/open-location-code/js/node_modules/esutils/package.json,101527,30696,30439,test,test,test
310,/home/runner/work/open-location-code/open-location-code/js/node_modules/file-entry-cache/package.json,102775,30702,30447,test,test,test
311,/home/runner/work/open-location-code/open-location-code/js/node_modules/espree/package.json,101464,30705,30449,test,test,test
312,/home/runner/work/open-location-code/open-location-code/js/node_modules/file-entry-cache/cache.js,102778,30953,30703,test,test,test
313,/home/runner/work/open-location-code/open-location-code/js/node_modules/karma-jasmine-jquery/package.json,101104,31212,30982,test,test,test
314,/home/runner/work/open-location-code/open-location-code/js/node_modules/import-fresh/index.js,102742,31209,30980,test,test,test
315,/home/runner/work/open-location-code/open-location-code/js/node_modules/chalk/index.js,102909,31198,30969,test,test,test
316,/home/runner/work/open-location-code/open-location-code/js/node_modules/eslint-visitor-keys/lib/index.js,101428,31180,30949,test,test,test
317,/home/runner/work/open-location-code/open-location-code/js/node_modules/color-convert/route.js,102939,31344,31094,test,test,test
318,/home/runner/work/open-location-code/open-location-code/js/node_modules/doctrine/package.json,102670,30965,30712,test,test,test
319,/home/runner/work/open-location-code/open-location-code/js/node_modules/chalk/package.json,102906,30968,30714,test,test,test
320,/home/runner/work/open-location-code/open-location-code/js/node_modules/fast-deep-equal/package.json,101593,31110,30860,test,test,test
321,/home/runner/work/open-location-code/open-location-code/js/node_modules/mkdirp/package.json,102850,31139,30897,test,test,test
322,/home/runner/work/open-location-code/open-location-code/js/node_modules/minimatch/package.json,101545,31142,30900,test,test,test
323,/home/runner/work/open-location-code/open-location-code/js/node_modules/json-stable-stringify-without-jsonify/index.js,102736,31146,30904,test,test,test
324,/home/runner/work/open-location-code/open-location-code/js/node_modules/os-name/cli.js,101026,14383,14213,test,test,test
325,/home/runner/work/open-location-code/open-location-code/js/node_modules/user-home/cli.js,101033,14379,14209,test,test,test
326,/home/runner/work/open-location-code/open-location-code/js/node_modules/node-uuid/bin/uuid,101023,14759,14570,test,test,test
327,/home/runner/work/open-location-code/open-location-code/js/node_modules/opn/cli.js,101025,14878,14685,test,test,test
328,/home/runner/work/open-location-code/open-location-code/js/node_modules/decompress-zip/bin/decompress-zip,101010,16360,16088,test,test,test
329,/home/runner/work/open-location-code/open-location-code/js/closure/openlocationcode_test.js,102900,2391,2389,test,uses-checkout,uses-checkout
330,/home/runner/work/open-location-code/open-location-code/js/package.json,102884,2435,2433,test,uses-checkout,uses-checkout
331,/home/runner/work/open-location-code/open-location-code/package.json,102897,2466,2464,test,uses-checkout,uses-checkout
332,/home/runner/work/open-location-code/open-location-code/test_data/validityTests.csv,3245,2624,2622,test,uses-checkout,uses-checkout
333,/home/runner/work/open-location-code/open-location-code/test_data/shortCodeTests.csv,3242,2620,2618,test,uses-checkout,uses-checkout
334,/home/runner/work/open-location-code/open-location-code/test_data/encoding.csv,3239,2616,2614,test,uses-checkout,uses-checkout
335,/home/runner/work/open-location-code/open-location-code/test_data/decoding.csv,3236,2612,2610,test,uses-checkout,uses-checkout
336,/home/runner/work/open-location-code/open-location-code/WORKSPACE,2975,1301,1299,test,uses-checkout,uses-checkout
337,/home/runner/work/open-location-code/open-location-code/.bazelrc,2910,1254,1252,test,uses-checkout,uses-checkout
338,/home/runner/work/open-location-code/open-location-code/.github/workflows/script.py,102975,1265,1263,finished,uses-checkout,uses-checkout
339,/home/runner/work/open-location-code/open-location-code/js/node_modules/osx-release/cli.js,101027,13995,13831,test,test,test
340,/home/runner/work/open-location-code/open-location-code/js/node_modules/latest-version/cli.js,101020,13178,13056,test,test,test
341,/home/runner/work/open-location-code/open-location-code/js/node_modules/has-ansi/cli.js,101016,13018,12930,test,test,test
342,/home/runner/work/open-location-code/open-location-code/js/node_modules/cardinal/bin/cdl.js,101008,20365,20098,test,test,test
343,/home/runner/work/open-location-code/open-location-code/js/node_modules/fast-levenshtein/levenshtein.js,101326,22558,22338,test,test,test
344,/home/runner/work/open-location-code/open-location-code/js/node_modules/callsites/index.js,102760,22542,22322,test,test,test
345,/home/runner/work/open-location-code/open-location-code/js/node_modules/brace-expansion/index.js,101554,22830,22603,test,test,test
346,/home/runner/work/open-location-code/open-location-code/js/node_modules/balanced-match/package.json,101563,22826,22600,test,test,test
347,/home/runner/work/open-location-code/open-location-code/js/node_modules/balanced-match/index.js,101566,22599,22364,test,test,test
348,/home/runner/work/open-location-code/open-location-code/js/node_modules/word-wrap/index.js,101335,22779,22547,test,test,test
349,/home/runner/work/open-location-code/open-location-code/js/node_modules/concat-map/package.json,101557,22605,22368,test,test,test
350,/home/runner/work/open-location-code/open-location-code/js/node_modules/brace-expansion/package.json,101551,22602,22366,test,test,test
351,/home/runner/work/open-location-code/open-location-code/js/node_modules/fast-levenshtein/package.json,101323,22108,21876,test,test,test
352,/home/runner/work/open-location-code/open-location-code/js/node_modules/word-wrap/package.json,101332,22099,21870,test,test,test
353,/home/runner/work/open-location-code/open-location-code/js/node_modules/callsites/package.json,102757,22096,21868,test,test,test
354,/home/runner/work/open-location-code/open-location-code/js/node_modules/atob/bin/atob.js,101005,22194,21936,test,test,test
355,/home/runner/work/open-location-code/open-location-code/js/node_modules/has-flag/package.json,101503,18867,18659,test,test,test
356,/home/runner/work/open-location-code/open-location-code/js/node_modules/ansi-regex/package.json,102951,19279,19084,test,test,test
357,/home/runner/work/open-location-code/open-location-code/js/node_modules/has-flag/index.js,101506,19079,18868,test,test,test
358,/home/runner/work/open-location-code/open-location-code/js/node_modules/ansi-regex/index.js,102954,19083,18871,test,test,test
359,/home/runner/work/open-location-code/open-location-code/js/node_modules/eslint/lib/rules/multiline-ternary.js,102031,52910,52880,test,test,test
360,/home/runner/work/open-location-code/open-location-code/js/node_modules/eslint/lib/rules/new-cap.js,102034,52944,52911,test,test,test
361,/home/runner/work/open-location-code/open-location-code/js/node_modules/eslint/lib/rules/newline-after-var.js,102040,53012,52982,test,test,test
362,/home/runner/work/open-location-code/open-location-code/js/node_modules/eslint/lib/rules/new-parens.js,102037,52981,52945,test,test,test
363,/home/runner/work/open-location-code/open-location-code/js/node_modules/eslint/lib/rules/max-statements.js,102022,52778,52748,test,test,test
364,/home/runner/work/open-location-code/open-location-code/js/node_modules/eslint/lib/rules/no-await-in-loop.js,102058,53280,53251,test,test,test
365,/home/runner/work/open-location-code/open-location-code/js/node_modules/eslint/lib/rules/no-bitwise.js,102061,53301,53281,test,test,test
366,/home/runner/work/open-location-code/open-location-code/js/node_modules/eslint/lib/rules/no-async-promise-executor.js,102055,53250,53229,test,test,test
367,/home/runner/work/open-location-code/open-location-code/js/node_modules/eslint/lib/rules/no-buffer-constructor.js,102064,53327,53302,test,test,test
368,/home/runner/work/open-location-code/open-location-code/js/node_modules/eslint/lib/rules/no-caller.js,102067,53350,53328,test,test,test
369,/home/runner/work/open-location-code/open-location-code/js/node_modules/eslint/lib/rules/newline-per-chained-call.js,102046,53118,53093,test,test,test
370,/home/runner/work/open-location-code/open-location-code/js/node_modules/eslint/lib/rules/no-alert.js,102049,53144,53119,test,test,test
371,/home/runner/work/open-location-code/open-location-code/js/node_modules/bower/bin/bower,101006,52699,52666,test,test,test
372,/home/runner/work/open-location-code/open-location-code/js/node_modules/eslint/lib/rules/linebreak-style.js,101989,52092,52066,test,test,test
373,/home/runner/work/open-location-code/open-location-code/js/node_modules/eslint/lib/rules/line-comment-position.js,101986,52065,52022,test,test,test
374,/home/runner/work/open-location-code/open-location-code/js/node_modules/eslint/lib/rules/max-nested-callbacks.js,102016,52617,52583,test,test,test
375,/home/runner/work/open-location-code/open-location-code/js/node_modules/eslint/lib/rules/max-params.js,102019,52647,52618,test,test,test
376,/home/runner/work/open-location-code/open-location-code/js/node_modules/eslint/lib/rules/max-lines-per-function.js,102013,52493,52464,test,test,test
377,/home/runner/work/open-location-code/open-location-code/js/node_modules/eslint/lib/rules/max-classes-per-file.js,102001,52344,52311,test,test,test
378,/home/runner/work/open-location-code/open-location-code/js/node_modules/eslint/lib/rules/max-depth.js,102004,52376,52345,test,test,test
379,/home/runner/work/open-location-code/open-location-code/js/node_modules/eslint/lib/rules/lines-between-class-members.js,101998,52310,52274,test,test,test
380,/home/runner/work/open-location-code/open-location-code/js/node_modules/eslint/lib/rules/no-ex-assign.js,102157,54274,54247,test,test,test
381,/home/runner/work/open-location-code/open-location-code/js/node_modules/eslint/lib/rules/no-extend-native.js,102160,54297,54275,test,test,test
382,/home/runner/work/open-location-code/open-location-code/js/node_modules/eslint/lib/rules/no-empty-pattern.js,102148,54125,54100,test,test,test
383,/home/runner/work/open-location-code/open-location-code/js/node_modules/eslint/lib/rules/no-empty-function.js,102145,54099,54076,test,test,test
384,/home/runner/work/open-location-code/open-location-code/js/node_modules/eslint/lib/rules/no-empty-character-class.js,102142,54075,54049,test,test,test
385,/home/runner/work/open-location-code/open-location-code/js/node_modules/eslint/lib/rules/no-empty.js,102139,54152,54126,test,test,test
386,/home/runner/work/open-location-code/open-location-code/js/node_modules/eslint/lib/rules/no-eq-null.js,102151,54177,54153,test,test,test
387,/home/runner/work/open-location-code/open-location-code/js/node_modules/eslint/lib/rules/no-global-assign.js,102187,54601,54578,test,test,test
388,/home/runner/work/open-location-code/open-location-code/js/node_modules/eslint/lib/rules/no-func-assign.js,102184,54577,54553,test,test,test
389,/home/runner/work/open-location-code/open-location-code/js/node_modules/eslint/lib/rules/no-extra-boolean-cast.js,102166,54395,54375,test,test,test
390,/home/runner/work/open-location-code/open-location-code/js/node_modules/eslint/lib/rules/no-implicit-globals.js,102193,54690,54668,test,test,test
391,/home/runner/work/open-location-code/open-location-code/js/node_modules/eslint/lib/rules/no-floating-decimal.js,102181,54552,54528,test,test,test
392,/home/runner/work/open-location-code/open-location-code/js/node_modules/eslint/lib/rules/no-extra-label.js,102169,54416,54396,test,test,test
393,/home/runner/work/open-location-code/open-location-code/js/node_modules/eslint/lib/rules/no-extra-semi.js,102175,54501,54479,test,test,test
394,/home/runner/work/open-location-code/open-location-code/js/node_modules/eslint/lib/rules/no-fallthrough.js,102178,54527,54502,test,test,test
395,/home/runner/work/open-location-code/open-location-code/js/node_modules/eslint/lib/rules/no-console.js,102088,53628,53601,test,test,test
396,/home/runner/work/open-location-code/open-location-code/js/node_modules/eslint/lib/rules/no-const-assign.js,102091,53660,53629,test,test,test
397,/home/runner/work/open-location-code/open-location-code/js/node_modules/eslint/lib/rules/no-class-assign.js,102076,53472,53447,test,test,test
398,/home/runner/work/open-location-code/open-location-code/js/node_modules/eslint/lib/rules/no-catch-shadow.js,102073,53446,53424,test,test,test
399,/home/runner/work/open-location-code/open-location-code/js/node_modules/eslint/lib/rules/no-compare-neg-zero.js,102079,53497,53473,test,test,test
400,/home/runner/work/open-location-code/open-location-code/js/node_modules/eslint/lib/rules/no-cond-assign.js,102082,53523,53498,test,test,test
401,/home/runner/work/open-location-code/open-location-code/js/node_modules/eslint/lib/rules/no-duplicate-case.js,102127,53960,53940,test,test,test
402,/home/runner/work/open-location-code/open-location-code/js/node_modules/eslint/lib/rules/no-dupe-keys.js,102124,53939,53924,test,test,test
403,/home/runner/work/open-location-code/open-location-code/js/node_modules/eslint/lib/rules/no-duplicate-imports.js,102130,53982,53961,test,test,test
404,/home/runner/work/open-location-code/open-location-code/js/node_modules/eslint/lib/rules/no-continue.js,102097,53750,53730,test,test,test
405,/home/runner/work/open-location-code/open-location-code/js/node_modules/eslint/lib/rules/no-delete-var.js,102112,53814,53795,test,test,test
406,/home/runner/work/open-location-code/open-location-code/js/node_modules/eslint/lib/rules/no-debugger.js,102109,53794,53772,test,test,test
407,/home/runner/work/open-location-code/open-location-code/js/node_modules/eslint/lib/rules/no-control-regex.js,102100,53771,53751,test,test,test
408,/home/runner/work/open-location-code/open-location-code/js/node_modules/eslint/lib/rules/no-div-regex.js,102115,53840,53815,test,test,test
409,/home/runner/work/open-location-code/open-location-code/js/node_modules/eslint/lib/rules/no-dupe-args.js,102118,53859,53841,test,test,test
410,/home/runner/work/open-location-code/open-location-code/js/node_modules/eslint/lib/rules/class-methods-use-this.js,101869,49670,49630,test,test,test
411,/home/runner/work/open-location-code/open-location-code/js/node_modules/eslint/lib/rules/camelcase.js,101860,49504,49467,test,test,test
412,/home/runner/work/open-location-code/open-location-code/js/node_modules/eslint/lib/rules/consistent-this.js,101890,50138,50097,test,test,test
413,/home/runner/work/open-location-code/open-location-code/js/node_modules/eslint/lib/rules/computed-property-spacing.js,101884,49996,49952,test,test,test
414,/home/runner/work/open-location-code/open-location-code/js/node_modules/eslint/lib/rules/comma-style.js,101878,49850,49811,test,test,test
415,/home/runner/work/open-location-code/open-location-code/js/node_modules/eslint/lib/rules/comma-spacing.js,101875,49810,49780,test,test,test
416,/home/runner/work/open-location-code/open-location-code/js/node_modules/eslint/lib/rules/brace-style.js,101854,49345,49313,test,test,test
417,/home/runner/work/open-location-code/open-location-code/js/node_modules/eslint/lib/rules/array-bracket-spacing.js,101830,48876,48832,test,test,test
418,/home/runner/work/open-location-code/open-location-code/js/node_modules/eslint/lib/rules/accessor-pairs.js,101824,48698,48656,test,test,test
419,/home/runner/work/open-location-code/open-location-code/js/node_modules/ajv/package.json,101575,48513,48466,test,test,test
420,/home/runner/work/open-location-code/open-location-code/js/node_modules/eslint/lib/rules/arrow-spacing.js,101845,49235,49189,test,test,test
421,/home/runner/work/open-location-code/open-location-code/js/node_modules/eslint/lib/rules/arrow-parens.js,101842,49188,49152,test,test,test
422,/home/runner/work/open-location-code/open-location-code/js/node_modules/eslint/lib/rules/block-scoped-var.js,101848,49267,49236,test,test,test
423,/home/runner/work/open-location-code/open-location-code/js/node_modules/eslint/lib/rules/block-spacing.js,101851,49312,49268,test,test,test
424,/home/runner/work/open-location-code/open-location-code/js/node_modules/eslint/lib/rules/array-element-newline.js,101836,49030,49001,test,test,test
425,/home/runner/work/open-location-code/open-location-code/js/node_modules/eslint/lib/rules/id-length.js,101953,51263,51234,test,test,test
426,/home/runner/work/open-location-code/open-location-code/js/node_modules/eslint/lib/rules/id-blacklist.js,101950,51233,51194,test,test,test
427,/home/runner/work/open-location-code/open-location-code/js/node_modules/eslint/lib/rules/implicit-arrow-linebreak.js,101959,51416,51379,test,test,test
428,/home/runner/work/open-location-code/open-location-code/js/node_modules/eslint/lib/rules/guard-for-in.js,101944,51098,51068,test,test,test
429,/home/runner/work/open-location-code/open-location-code/js/node_modules/eslint/lib/rules/global-require.js,101941,51067,51028,test,test,test
430,/home/runner/work/open-location-code/open-location-code/js/node_modules/eslint/lib/rules/jsx-quotes.js,101977,51830,51803,test,test,test
431,/home/runner/work/open-location-code/open-location-code/js/node_modules/eslint/lib/rules/getter-return.js,101938,51027,50994,test,test,test
432,/home/runner/work/open-location-code/open-location-code/js/node_modules/eslint/lib/rules/dot-notation.js,101905,50465,50428,test,test,test
433,/home/runner/work/open-location-code/open-location-code/js/node_modules/eslint/lib/rules/eol-last.js,101911,50501,50466,test,test,test
434,/home/runner/work/open-location-code/open-location-code/js/node_modules/eslint/lib/rules/dot-location.js,101902,50427,50380,test,test,test
435,/home/runner/work/open-location-code/open-location-code/js/node_modules/eslint/lib/rules/eqeqeq.js,101914,50536,50502,test,test,test
436,/home/runner/work/open-location-code/open-location-code/js/node_modules/eslint/lib/rules/for-direction.js,101917,50569,50537,test,test,test
437,/home/runner/work/open-location-code/open-location-code/js/node_modules/eslint/lib/rules/default-case.js,101899,50379,50343,test,test,test
438,/home/runner/work/open-location-code/open-location-code/js/node_modules/eslint/lib/rules/func-style.js,101929,50856,50820,test,test,test
439,/home/runner/work/open-location-code/open-location-code/js/node_modules/eslint/lib/rules/generator-star-spacing.js,101935,50993,50956,test,test,test
440,/home/runner/work/open-location-code/open-location-code/js/node_modules/eslint/lib/rules/func-name-matching.js,101923,50710,50678,test,test,test
441,/home/runner/work/open-location-code/open-location-code/js/node_modules/eslint/lib/rules/object-property-newline.js,102508,58166,58145,test,test,test
442,/home/runner/work/open-location-code/open-location-code/js/node_modules/eslint/lib/rules/no-whitespace-before-property.js,102493,57950,57925,test,test,test
443,/home/runner/work/open-location-code/open-location-code/js/node_modules/eslint/lib/rules/no-with.js,102496,57976,57951,test,test,test
444,/home/runner/work/open-location-code/open-location-code/js/node_modules/eslint/lib/rules/nonblock-statement-body-position.js,102499,58001,57977,test,test,test
445,/home/runner/work/open-location-code/open-location-code/js/node_modules/eslint/lib/rules/padded-blocks.js,102526,58473,58452,test,test,test
446,/home/runner/work/open-location-code/open-location-code/js/node_modules/eslint/lib/rules/operator-linebreak.js,102523,58451,58429,test,test,test
447,/home/runner/work/open-location-code/open-location-code/js/node_modules/eslint/lib/rules/no-useless-call.js,102460,57467,57443,test,test,test
448,/home/runner/work/open-location-code/open-location-code/js/node_modules/eslint/lib/rules/no-useless-computed-key.js,102466,57512,57491,test,test,test
449,/home/runner/work/open-location-code/open-location-code/js/node_modules/eslint/lib/rules/no-useless-catch.js,102463,57490,57468,test,test,test
450,/home/runner/work/open-location-code/open-location-code/js/node_modules/eslint/lib/rules/no-unused-expressions.js,102448,57279,57256,test,test,test
451,/home/runner/work/open-location-code/open-location-code/js/node_modules/eslint/lib/rules/no-unused-labels.js,102451,57303,57280,test,test,test
452,/home/runner/work/open-location-code/open-location-code/js/node_modules/eslint/lib/rules/no-unsafe-negation.js,102445,57255,57232,test,test,test
453,/home/runner/work/open-location-code/open-location-code/js/node_modules/eslint/lib/rules/no-void.js,102487,57852,57831,test,test,test
454,/home/runner/work/open-location-code/open-location-code/js/node_modules/eslint/lib/rules/no-useless-constructor.js,102472,57604,57578,test,test,test
455,/home/runner/work/open-location-code/open-location-code/js/node_modules/eslint/lib/rules/no-useless-rename.js,102478,57697,57674,test,test,test
456,/home/runner/work/open-location-code/open-location-code/js/node_modules/eslint/lib/rules/space-before-blocks.js,102616,59463,59451,test,test,test
457,/home/runner/work/open-location-code/open-location-code/js/node_modules/eslint/lib/rules/sort-vars.js,102613,59450,59435,test,test,test
458,/home/runner/work/open-location-code/open-location-code/js/node_modules/eslint/lib/rules/spaced-comment.js,102631,59581,59566,test,test,test
459,/home/runner/work/open-location-code/open-location-code/js/node_modules/eslint/lib/rules/space-unary-ops.js,102628,59565,59553,test,test,test
460,/home/runner/work/open-location-code/open-location-code/js/node_modules/eslint/lib/rules/space-in-parens.js,102622,59515,59497,test,test,test
461,/home/runner/work/open-location-code/open-location-code/js/node_modules/eslint/lib/rules/sort-imports.js,102601,59393,59373,test,test,test
462,/home/runner/work/open-location-code/open-location-code/js/node_modules/es5-ext/package.json,101098,59227,59214,test,test,test
463,/home/runner/work/open-location-code/open-location-code/js/node_modules/eslint/lib/rules/require-jsdoc.js,102580,59191,59175,test,test,test
464,/home/runner/work/open-location-code/open-location-code/js/node_modules/eslint/lib/rules/require-yield.js,102586,59257,59246,test,test,test
465,/home/runner/work/open-location-code/open-location-code/js/node_modules/eslint/lib/rules/rest-spread-spacing.js,102589,59280,59258,test,test,test
466,/home/runner/work/open-location-code/open-location-code/js/node_modules/eslint/lib/rules/semi-style.js,102598,59332,59318,test,test,test
467,/home/runner/work/open-location-code/open-location-code/js/node_modules/eslint/lib/rules/wrap-regex.js,102682,59863,59849,test,test,test
468,/home/runner/work/open-location-code/open-location-code/js/node_modules/eslint/lib/rules/wrap-iife.js,102679,59848,59832,test,test,test
469,/home/runner/work/open-location-code/open-location-code/js/node_modules/eslint/lib/rules/yield-star-spacing.js,102685,59885,59864,test,test,test
470,/home/runner/work/open-location-code/open-location-code/js/node_modules/eslint/lib/rules/vars-on-top.js,102676,59831,59814,test,test,test
471,/home/runner/work/open-location-code/open-location-code/js/node_modules/eslint/lib/rules/valid-typeof.js,102673,59813,59798,test,test,test
472,/home/runner/work/open-location-code/open-location-code/js/node_modules/eslint/lib/rules/symbol-description.js,102640,59658,59643,test,test,test
473,/home/runner/work/open-location-code/open-location-code/js/node_modules/eslint/lib/rules/switch-colon-spacing.js,102637,59642,59625,test,test,test
474,/home/runner/work/open-location-code/open-location-code/js/node_modules/eslint/lib/rules/template-tag-spacing.js,102646,59716,59702,test,test,test
475,/home/runner/work/open-location-code/open-location-code/js/node_modules/eslint/lib/rules/unicode-bom.js,102649,59736,59717,test,test,test
476,/home/runner/work/open-location-code/open-location-code/js/node_modules/eslint/lib/rules/use-isnan.js,102652,59750,59737,test,test,test
477,/home/runner/work/open-location-code/open-location-code/js/node_modules/eslint/lib/rules/prefer-numeric-literals.js,102544,58738,58713,test,test,test
478,/home/runner/work/open-location-code/open-location-code/js/node_modules/eslint/lib/rules/prefer-named-capture-group.js,102541,58712,58691,test,test,test
479,/home/runner/work/open-location-code/open-location-code/js/node_modules/eslint/lib/rules/prefer-object-spread.js,102547,58761,58739,test,test,test
480,/home/runner/work/open-location-code/open-location-code/js/node_modules/eslint/lib/rules/prefer-arrow-callback.js,102532,58562,58541,test,test,test
481,/home/runner/work/open-location-code/open-location-code/js/node_modules/eslint/lib/rules/radix.js,102571,59107,59087,test,test,test
482,/home/runner/work/open-location-code/open-location-code/js/node_modules/eslint/lib/rules/require-await.js,102577,59174,59158,test,test,test
483,/home/runner/work/open-location-code/open-location-code/js/node_modules/eslint/lib/rules/prefer-reflect.js,102553,58852,58830,test,test,test
484,/home/runner/work/open-location-code/open-location-code/js/node_modules/eslint/lib/rules/prefer-rest-params.js,102556,58879,58853,test,test,test
485,/home/runner/work/open-location-code/open-location-code/js/node_modules/eslint/lib/rules/prefer-template.js,102562,58965,58945,test,test,test
486,/home/runner/work/open-location-code/open-location-code/js/node_modules/eslint/lib/rules/no-native-reassign.js,102280,55555,55534,test,test,test
487,/home/runner/work/open-location-code/open-location-code/js/node_modules/eslint/lib/rules/no-nested-ternary.js,102289,55628,55604,test,test,test
488,/home/runner/work/open-location-code/open-location-code/js/node_modules/eslint/lib/rules/no-negated-in-lhs.js,102286,55603,55581,test,test,test
489,/home/runner/work/open-location-code/open-location-code/js/node_modules/eslint/lib/rules/no-negated-condition.js,102283,55580,55556,test,test,test
490,/home/runner/work/open-location-code/open-location-code/js/node_modules/eslint/lib/rules/no-multi-assign.js,102268,55408,55379,test,test,test
491,/home/runner/work/open-location-code/open-location-code/js/node_modules/eslint/lib/rules/no-multi-spaces.js,102271,55438,55409,test,test,test
492,/home/runner/work/open-location-code/open-location-code/js/node_modules/eslint/lib/rules/no-multi-str.js,102274,55463,55439,test,test,test
493,/home/runner/work/open-location-code/open-location-code/js/node_modules/eslint/lib/rules/no-octal-escape.js,102316,55840,55811,test,test,test
494,/home/runner/work/open-location-code/open-location-code/js/node_modules/eslint/lib/rules/no-octal.js,102313,55863,55841,test,test,test
495,/home/runner/work/open-location-code/open-location-code/js/node_modules/eslint/lib/rules/no-obj-calls.js,102310,55810,55787,test,test,test
496,/home/runner/work/open-location-code/open-location-code/js/node_modules/eslint/lib/rules/no-new-object.js,102298,55682,55654,test,test,test
497,/home/runner/work/open-location-code/open-location-code/js/node_modules/eslint/lib/rules/no-new-require.js,102301,55710,55683,test,test,test
498,/home/runner/work/open-location-code/open-location-code/js/node_modules/eslint/lib/rules/no-new.js,102292,55786,55759,test,test,test
499,/home/runner/work/open-location-code/open-location-code/js/node_modules/eslint/lib/rules/no-new-func.js,102295,55653,55629,test,test,test
500,/home/runner/work/open-location-code/open-location-code/js/node_modules/eslint/lib/rules/no-new-symbol.js,102304,55734,55711,test,test,test
501,/home/runner/work/open-location-code/open-location-code/js/node_modules/eslint/lib/rules/no-new-wrappers.js,102307,55758,55735,test,test,test
502,/home/runner/work/open-location-code/open-location-code/js/node_modules/eslint/lib/rules/no-irregular-whitespace.js,102211,54918,54896,test,test,test
503,/home/runner/work/open-location-code/open-location-code/js/node_modules/eslint/lib/rules/no-labels.js,102220,54993,54969,test,test,test
504,/home/runner/work/open-location-code/open-location-code/js/node_modules/eslint/lib/rules/no-iterator.js,102214,54942,54919,test,test,test
505,/home/runner/work/open-location-code/open-location-code/js/node_modules/eslint/lib/rules/no-label-var.js,102217,54968,54943,test,test,test
506,/home/runner/work/open-location-code/open-location-code/js/node_modules/eslint/lib/rules/no-inline-comments.js,102199,54779,54760,test,test,test
507,/home/runner/work/open-location-code/open-location-code/js/node_modules/eslint/lib/rules/no-inner-declarations.js,102202,54804,54780,test,test,test
508,/home/runner/work/open-location-code/open-location-code/js/node_modules/eslint/lib/rules/no-invalid-regexp.js,102205,54828,54805,test,test,test
509,/home/runner/work/open-location-code/open-location-code/js/node_modules/eslint/lib/rules/no-mixed-requires.js,102262,55299,55274,test,test,test
510,/home/runner/work/open-location-code/open-location-code/js/node_modules/eslint/lib/rules/no-lonely-if.js,102226,55042,55019,test,test,test
511,/home/runner/work/open-location-code/open-location-code/js/node_modules/eslint/lib/rules/no-lone-blocks.js,102223,55018,54994,test,test,test
512,/home/runner/work/open-location-code/open-location-code/js/node_modules/eslint/lib/rules/no-magic-numbers.js,102232,55138,55115,test,test,test
513,/home/runner/work/open-location-code/open-location-code/js/node_modules/eslint/lib/rules/no-ternary.js,102406,56769,56743,test,test,test
514,/home/runner/work/open-location-code/open-location-code/js/node_modules/eslint/lib/rules/no-trailing-spaces.js,102415,56889,56862,test,test,test
515,/home/runner/work/open-location-code/open-location-code/js/node_modules/eslint/lib/rules/no-throw-literal.js,102412,56861,56834,test,test,test
516,/home/runner/work/open-location-code/open-location-code/js/node_modules/eslint/lib/rules/no-template-curly-in-string.js,102403,56742,56719,test,test,test
517,/home/runner/work/open-location-code/open-location-code/js/node_modules/eslint/lib/rules/no-spaced-func.js,102391,56647,56622,test,test,test
518,/home/runner/work/open-location-code/open-location-code/js/node_modules/eslint/lib/rules/no-shadow.js,102385,56621,56599,test,test,test
519,/home/runner/work/open-location-code/open-location-code/js/node_modules/eslint/lib/rules/no-sparse-arrays.js,102394,56670,56648,test,test,test
520,/home/runner/work/open-location-code/open-location-code/js/node_modules/eslint/lib/rules/no-sync.js,102397,56692,56671,test,test,test
521,/home/runner/work/open-location-code/open-location-code/js/node_modules/eslint/lib/rules/no-tabs.js,102400,56718,56693,test,test,test
522,/home/runner/work/open-location-code/open-location-code/js/node_modules/eslint/lib/rules/no-unneeded-ternary.js,102436,57140,57116,test,test,test
523,/home/runner/work/open-location-code/open-location-code/js/node_modules/eslint/lib/rules/no-unmodified-loop-condition.js,102433,57115,57091,test,test,test
524,/home/runner/work/open-location-code/open-location-code/js/node_modules/eslint/lib/rules/no-unsafe-finally.js,102442,57231,57209,test,test,test
525,/home/runner/work/open-location-code/open-location-code/js/node_modules/eslint/lib/rules/no-undef.js,102418,56969,56950,test,test,test
526,/home/runner/work/open-location-code/open-location-code/js/node_modules/eslint/lib/rules/no-undefined.js,102424,56989,56970,test,test,test
527,/home/runner/work/open-location-code/open-location-code/js/node_modules/eslint/lib/rules/no-underscore-dangle.js,102427,57011,56990,test,test,test
528,/home/runner/work/open-location-code/open-location-code/js/node_modules/eslint/lib/rules/no-shadow-restricted-names.js,102388,56598,56572,test,test,test
529,/home/runner/work/open-location-code/open-location-code/js/node_modules/eslint/lib/rules/no-restricted-globals.js,102346,56150,56129,test,test,test
530,/home/runner/work/open-location-code/open-location-code/js/node_modules/eslint/lib/rules/no-regex-spaces.js,102343,56128,56103,test,test,test
531,/home/runner/work/open-location-code/open-location-code/js/node_modules/eslint/lib/rules/no-restricted-modules.js,102358,56247,56225,test,test,test
532,/home/runner/work/open-location-code/open-location-code/js/node_modules/eslint/lib/rules/no-redeclare.js,102340,56102,56084,test,test,test
533,/home/runner/work/open-location-code/open-location-code/js/node_modules/eslint/lib/rules/no-process-env.js,102328,56011,55988,test,test,test
534,/home/runner/work/open-location-code/open-location-code/js/node_modules/eslint/lib/rules/no-plusplus.js,102325,55987,55959,test,test,test
535,/home/runner/work/open-location-code/open-location-code/js/node_modules/eslint/lib/rules/no-path-concat.js,102322,55958,55935,test,test,test
536,/home/runner/work/open-location-code/open-location-code/js/node_modules/eslint/lib/rules/no-process-exit.js,102331,56037,56012,test,test,test
537,/home/runner/work/open-location-code/open-location-code/js/node_modules/eslint/lib/rules/no-proto.js,102334,56062,56038,test,test,test
538,/home/runner/work/open-location-code/open-location-code/js/node_modules/eslint/lib/rules/no-prototype-builtins.js,102337,56083,56063,test,test,test
539,/home/runner/work/open-location-code/open-location-code/js/node_modules/eslint/lib/rules/no-self-assign.js,102376,56478,56454,test,test,test
540,/home/runner/work/open-location-code/open-location-code/js/node_modules/eslint/lib/rules/no-script-url.js,102373,56453,56430,test,test,test
541,/home/runner/work/open-location-code/open-location-code/js/node_modules/eslint/lib/rules/no-self-compare.js,102379,56507,56479,test,test,test
542,/home/runner/work/open-location-code/open-location-code/js/node_modules/eslint/lib/rules/no-restricted-syntax.js,102364,56337,56316,test,test,test
543,/home/runner/work/open-location-code/open-location-code/js/node_modules/eslint/lib/rules/no-return-assign.js,102367,56363,56338,test,test,test
544,/home/runner/work/open-location-code/open-location-code/js/node_modules/karma/bin/karma,101019,39280,38985,test,test,test
545,/home/runner/work/open-location-code/open-location-code/js/node_modules/bower-installer/node_modules/rimraf/bin.js,101036,39103,38833,test,test,test
546,/home/runner/work/open-location-code/open-location-code/js/node_modules/bower-installer/node_modules/which/bin/which,101040,39681,39385,test,test,test
547,/home/runner/work/open-location-code/open-location-code/js/node_modules/bower-installer/node_modules/supports-color/cli.js,101039,38545,38275,test,test,test
548,/home/runner/work/open-location-code/open-location-code/js/node_modules/bower-installer/node_modules/strip-ansi/cli.js,101038,38555,38281,test,test,test
549,/home/runner/work/open-location-code/open-location-code/js/node_modules/type-check/package.json,101338,40110,39833,test,test,test
550,/home/runner/work/open-location-code/open-location-code/js/node_modules/uri-js/package.json,101587,39870,39578,test,test,test
551,/home/runner/work/open-location-code/open-location-code/js/node_modules/js-yaml/bin/js-yaml.js,101018,39882,39590,test,test,test
552,/home/runner/work/open-location-code/open-location-code/js/node_modules/bower-installer/node_modules/bower/node_modules/nopt/bin/nopt.js,101056,40594,40282,test,test,test
553,/home/runner/work/open-location-code/open-location-code/js/node_modules/bower-installer/node_modules/bower/node_modules/mkdirp/bin/cmd.js,101002,40595,40289,test,test,test
554,/home/runner/work/open-location-code/open-location-code/js/node_modules/semver-diff/node_modules/semver/bin/semver,100997,40204,39917,test,test,test
555,/home/runner/work/open-location-code/open-location-code/js/node_modules/doctrine/lib/utility.js,102667,36588,36274,test,test,test
556,/home/runner/work/open-location-code/open-location-code/js/node_modules/ajv/lib/dotjs/_limitItems.js,101674,36589,36277,test,test,test
557,/home/runner/work/open-location-code/open-location-code/js/node_modules/decompress-zip/node_modules/nopt/bin/nopt.js,100989,35425,35120,test,test,test
558,/home/runner/work/open-location-code/open-location-code/js/node_modules/ajv/lib/dotjs/_limitProperties.js,101680,37207,36880,test,test,test
559,/home/runner/work/open-location-code/open-location-code/js/node_modules/ajv/lib/dotjs/_limitLength.js,101677,36879,36590,test,test,test
560,/home/runner/work/open-location-code/open-location-code/js/node_modules/redeyed/node_modules/esprima/bin/esparse.js,100995,36922,36637,test,test,test
561,/home/runner/work/open-location-code/open-location-code/js/node_modules/redeyed/node_modules/esprima/bin/esvalidate.js,101049,37257,36923,test,test,test
562,/home/runner/work/open-location-code/open-location-code/js/node_modules/ajv/lib/compile/error_classes.js,101614,45890,45818,test,test,test
563,/home/runner/work/open-location-code/open-location-code/js/node_modules/ajv/lib/dotjs/format.js,101662,45963,45891,test,test,test
564,/home/runner/work/open-location-code/open-location-code/js/node_modules/ajv/lib/dotjs/if.js,101665,46258,46172,test,test,test
565,/home/runner/work/open-location-code/open-location-code/js/node_modules/ajv/lib/dotjs/index.js,101635,46547,46472,test,test,test
566,/home/runner/work/open-location-code/open-location-code/js/node_modules/ajv/lib/dotjs/items.js,101668,46612,46548,test,test,test
567,/home/runner/work/open-location-code/open-location-code/js/node_modules/eslint/lib/code-path-analysis/code-path.js,101476,45226,45149,test,test,test
568,/home/runner/work/open-location-code/open-location-code/js/node_modules/eslint/lib/code-path-analysis/debug-helpers.js,101485,45321,45227,test,test,test
569,/home/runner/work/open-location-code/open-location-code/js/node_modules/ajv/lib/dotjs/contains.js,101653,45133,45056,test,test,test
570,/home/runner/work/open-location-code/open-location-code/js/node_modules/ajv/lib/dotjs/const.js,101650,45055,44965,test,test,test
571,/home/runner/work/open-location-code/open-location-code/js/node_modules/ajv/lib/dotjs/dependencies.js,101656,45661,45578,test,test,test
572,/home/runner/work/open-location-code/open-location-code/js/node_modules/ajv/lib/dotjs/enum.js,101659,45737,45662,test,test,test
573,/home/runner/work/open-location-code/open-location-code/js/node_modules/eslint/lib/config.js,102709,45588,45502,test,test,test
574,/home/runner/work/open-location-code/open-location-code/js/node_modules/ajv/lib/definition_schema.js,101719,45577,45490,test,test,test
575,/home/runner/work/open-location-code/open-location-code/js/node_modules/eslint/lib/code-path-analysis/fork-context.js,101518,45397,45322,test,test,test
576,/home/runner/work/open-location-code/open-location-code/js/node_modules/ajv/lib/data.js,101707,45489,45389,test,test,test
577,/home/runner/work/open-location-code/open-location-code/js/node_modules/eslint/lib/code-path-analysis/id-generator.js,101521,45501,45398,test,test,test
578,/home/runner/work/open-location-code/open-location-code/js/node_modules/ajv/lib/compile/schema_obj.js,101605,47699,47651,test,test,test
579,/home/runner/work/open-location-code/open-location-code/js/node_modules/ajv/lib/compile/ucs2length.js,101602,47753,47700,test,test,test
580,/home/runner/work/open-location-code/open-location-code/js/node_modules/ajv/lib/dotjs/uniqueItems.js,101704,47809,47754,test,test,test
581,/home/runner/work/open-location-code/open-location-code/js/node_modules/eslint/lib/options.js,101284,48472,48419,test,test,test
582,/home/runner/work/open-location-code/open-location-code/js/node_modules/eslint/lib/load-rules.js,102847,48418,48368,test,test,test
583,/home/runner/work/open-location-code/open-location-code/js/node_modules/ajv/lib/refs/json-schema-draft-07.json,101722,48411,48364,test,test,test
584,/home/runner/work/open-location-code/open-location-code/js/node_modules/ajv/lib/refs/json-schema-draft-04.json,101725,48238,48176,test,test,test
585,/home/runner/work/open-location-code/open-location-code/js/node_modules/ajv/lib/compile/rules.js,101632,47650,47603,test,test,test
586,/home/runner/work/open-location-code/open-location-code/js/node_modules/ajv/lib/dotjs/oneOf.js,101689,47000,46948,test,test,test
587,/home/runner/work/open-location-code/open-location-code/js/node_modules/ajv/lib/dotjs/not.js,101686,46947,46882,test,test,test
588,/home/runner/work/open-location-code/open-location-code/js/node_modules/ajv/lib/dotjs/multipleOf.js,101683,46881,46832,test,test,test
589,/home/runner/work/open-location-code/open-location-code/js/node_modules/eslint/lib/config/config-validator.js,101569,46886,46836,test,test,test
590,/home/runner/work/open-location-code/open-location-code/js/node_modules/ajv/lib/dotjs/ref.js,101638,47404,47351,test,test,test
591,/home/runner/work/open-location-code/open-location-code/js/node_modules/ajv/lib/compile/resolve.js,101584,47602,47563,test,test,test
592,/home/runner/work/open-location-code/open-location-code/js/node_modules/ajv/lib/dotjs/propertyNames.js,101698,47350,47286,test,test,test
593,/home/runner/work/open-location-code/open-location-code/js/node_modules/type-check/lib/parse-type.js,101344,42312,42065,test,test,test
594,/home/runner/work/open-location-code/open-location-code/js/node_modules/eslint/conf/default-cli-options.js,101365,42419,42205,test,test,test
595,/home/runner/work/open-location-code/open-location-code/js/node_modules/eslint/conf/config-schema.js,101728,42204,41969,test,test,test
596,/home/runner/work/open-location-code/open-location-code/js/node_modules/bower-installer/node_modules/bower/bin/bower,100982,42817,42640,test,test,test
597,/home/runner/work/open-location-code/open-location-code/js/node_modules/eslint/conf/environments.js,101734,42594,42420,test,test,test
598,/home/runner/work/open-location-code/open-location-code/js/node_modules/eslint/bin/eslint.js,101278,41411,41113,test,test,test
599,/home/runner/work/open-location-code/open-location-code/js/node_modules/type-check/lib/index.js,101341,42064,41812,test,test,test
600,/home/runner/work/open-location-code/open-location-code/js/node_modules/bower-installer/node_modules/semver/bin/semver,101037,44212,44125,test,test,test
601,/home/runner/work/open-location-code/open-location-code/js/node_modules/eslint/lib/cli.js,101281,44201,44102,test,test,test
602,/home/runner/work/open-location-code/open-location-code/js/node_modules/bower-installer/bower-installer.js,101007,44064,43977,test,test,test
603,/home/runner/work/open-location-code/open-location-code/js/node_modules/ajv/lib/compile/async.js,101710,44681,44596,test,test,test
604,/home/runner/work/open-location-code/open-location-code/js/node_modules/ajv/lib/dotjs/comment.js,101647,44891,44826,test,test,test
605,/home/runner/work/open-location-code/open-location-code/js/node_modules/ajv/lib/cache.js,101626,44825,44752,test,test,test
606,/home/runner/work/open-location-code/open-location-code/js/node_modules/gulp-cli/bin/gulp.js,100843,44452,44362,test,test,test
607,/home/runner/work/open-location-code/open-location-code/js/node_modules/ajv/lib/dotjs/allOf.js,101641,44439,44354,test,test,test
608,/home/runner/work/open-location-code/open-location-code/js/node_modules/ajv/lib/dotjs/anyOf.js,101644,44522,44440,test,test,test
609,/home/runner/work/open-location-code/open-location-code/js/node_modules/esrecurse/node_modules/estraverse/package.json,101410,42990,42848,test,test,test
610,/home/runner/work/open-location-code/open-location-code/js/node_modules/eslint/conf/replacements.json,101818,43059,42930,test,test,test
611,/home/runner/work/open-location-code/open-location-code/js/node_modules/esquery/package.json,101755,43049,42922,test,test,test
612,/home/runner/work/open-location-code/open-location-code/js/.eslintrc.js,102881,2364,-1,test,uses-checkout,Not provided
613,/home/runner/work/open-location-code/open-location-code/js/closure/BUILD,2981,2378,-1,test,uses-checkout,Not provided
