,file_name
0,/home/runner/work/mcMMO/mcMMO/target/mcMMO-bin.zip
1,/home/runner/work/mcMMO/mcMMO/target/mcMMO-2.1.218-SNAPSHOT-shaded.jar
2,/home/runner/work/mcMMO/mcMMO/target/surefire-reports/TEST-com.gmail.nossr50.util.text.TextUtilsTest.xml
3,/home/runner/work/mcMMO/mcMMO/target/surefire-reports/TEST-com.gmail.nossr50.database.flatfile.FlatFileDataUtilTest.xml
4,/home/runner/work/mcMMO/mcMMO/target/surefire-reports/TEST-com.gmail.nossr50.datatypes.BlockLocationHistoryTest.xml
5,/home/runner/work/mcMMO/mcMMO/target/surefire-reports/TEST-com.gmail.nossr50.database.FlatFileDataProcessorTest.xml
6,/home/runner/work/mcMMO/mcMMO/target/surefire-reports/TEST-com.gmail.nossr50.util.platform.MinecraftGameVersionTest.xml
7,/home/runner/work/mcMMO/mcMMO/target/surefire-reports/TEST-com.gmail.nossr50.util.blockmeta.ChunkStoreTest.xml
8,/home/runner/work/mcMMO/mcMMO/target/maven-status/maven-compiler-plugin/compile/default-compile/inputFiles.lst
9,/home/runner/work/mcMMO/mcMMO/target/maven-status/maven-compiler-plugin/compile/default-compile/createdFiles.lst
10,/home/runner/work/mcMMO/mcMMO/target/surefire-reports/TEST-com.gmail.nossr50.database.FlatFileDatabaseManagerTest.xml
56,/home/runner/work/mcMMO/mcMMO/target/surefire-reports/com.gmail.nossr50.util.text.TextUtilsTest.txt
57,/home/runner/work/mcMMO/mcMMO/target/maven-status/maven-compiler-plugin/testCompile/default-testCompile/inputFiles.lst
58,/home/runner/work/mcMMO/mcMMO/target/maven-status/maven-compiler-plugin/testCompile/default-testCompile/createdFiles.lst
59,/home/runner/work/mcMMO/mcMMO/target/surefire-reports/com.gmail.nossr50.database.FlatFileDataProcessorTest.txt
65,/home/runner/work/mcMMO/mcMMO/target/surefire-reports/com.gmail.nossr50.util.blockmeta.ChunkStoreTest.txt
70,/home/runner/work/mcMMO/mcMMO/target/surefire-reports/com.gmail.nossr50.util.platform.MinecraftGameVersionTest.txt
71,/home/runner/work/mcMMO/mcMMO/target/surefire-reports/com.gmail.nossr50.datatypes.BlockLocationHistoryTest.txt
74,/home/runner/work/mcMMO/mcMMO/target/surefire-reports/com.gmail.nossr50.database.flatfile.FlatFileDataUtilTest.txt
75,/home/runner/work/mcMMO/mcMMO/target/surefire-reports/com.gmail.nossr50.database.FlatFileDatabaseManagerTest.txt
